Player Name,Position,Matchup Light,Offense Light,Vegas Light
Ja'Marr Chase,WR,GREEN,GREEN,GREEN
Saquon Barkley,RB,RED,GREEN,YELLOW
Bijan Robinson,RB,RED,GREEN,YELLOW
Justin Jefferson,WR,GREEN,GREEN,GREEN
Jahmyr Gibbs,RB,GREEN,GREEN,GREEN
CeeDee Lamb,WR,YELLOW,GREEN,GREEN
Puka Nacua,WR,RED,GREEN,YELLOW
Ashton Jeanty,RB,RED,YELLOW,YELLOW
Amon-Ra St. Brown,WR,RED,GREEN,GREEN
Malik Nabers,WR,GREEN,YELLOW,RED
Christian McCaffrey,RB,GREEN,RED,YELLOW
Derrick Henry,RB,RED,GREEN,GREEN
Nico Collins,WR,GREEN,YELLOW,YELLOW
Brian Thomas,WR,YELLOW,YELLOW,YELLOW
Devon Achane,RB,GREEN,YELLOW,YELLOW
Brock Bowers,TE,RED,GREEN,YELLOW
A.J. Brown,WR,RED,YELLOW,YELLOW
Drake London,WR,GREEN,GREEN,YELLOW
Jonathan Taylor,RB,YELLOW,YELLOW,YELLOW
Bucky Irving,RB,RED,GREEN,RED
Josh Jacobs,RB,YELLOW,GREEN,GREEN
Ladd McConkey,WR,RED,YELLOW,YELLOW
Trey McBride,TE,GREEN,GREEN,GREEN
Josh Allen,QB,YELLOW,GREEN,GREEN
Tee Higgins,WR,GREEN,GREEN,GREEN
Lamar Jackson,QB,YELLOW,GREEN,GREEN
Kyren Williams,RB,YELLOW,YELLOW,YELLOW
Chase Brown,RB,GREEN,YELLOW,GREEN
Jaxon Smith-Njigba,WR,YELLOW,YELLOW,RED
Tyreek Hill,WR,YELLOW,RED,YELLOW
Jayden Daniels,QB,RED,GREEN,YELLOW
Garrett Wilson,WR,YELLOW,YELLOW,RED
Terry McLaurin,WR,RED,YELLOW,YELLOW
Breece Hall,RB,GREEN,YELLOW,RED
James Cook,RB,YELLOW,GREEN,GREEN
Davante Adams,WR,RED,GREEN,YELLOW
Marvin Harrison,WR,YELLOW,RED,GREEN
Mike Evans,WR,YELLOW,GREEN,RED
Jalen Hurts,QB,YELLOW,GREEN,YELLOW
George Kittle,TE,YELLOW,GREEN,YELLOW
Rashee Rice,WR,RED,YELLOW,YELLOW
Joe Mixon,RB,YELLOW,YELLOW,YELLOW
Joe Burrow,QB,GREEN,GREEN,GREEN
Omarion Hampton,RB,YELLOW,YELLOW,YELLOW
Kenneth Walker,RB,YELLOW,YELLOW,RED
Chuba Hubbard,RB,YELLOW,YELLOW,RED
Alvin Kamara,RB,GREEN,YELLOW,RED
DJ Moore,WR,GREEN,YELLOW,YELLOW
DK Metcalf,WR,YELLOW,RED,YELLOW
DeVonta Smith,WR,RED,YELLOW,YELLOW
Xavier Worthy,WR,RED,YELLOW,YELLOW
Courtland Sutton,WR,YELLOW,GREEN,YELLOW
Travis Hunter,WR,YELLOW,YELLOW,YELLOW
Zay Flowers,WR,GREEN,RED,GREEN
Sam LaPorta,TE,YELLOW,YELLOW,GREEN
James Conner,RB,GREEN,GREEN,GREEN
RJ Harvey,RB,YELLOW,YELLOW,YELLOW
David Montgomery,RB,GREEN,GREEN,GREEN
Jameson Williams,WR,RED,GREEN,GREEN
Tetairoa McMillan,WR,YELLOW,YELLOW,RED
George Pickens,WR,YELLOW,GREEN,GREEN
T.J. Hockenson,TE,YELLOW,YELLOW,GREEN
Patrick Mahomes,QB,RED,YELLOW,YELLOW
Jaylen Waddle,WR,YELLOW,RED,YELLOW
Quinshon Judkins,RB,RED,RED,RED
TreVeyon Henderson,RB,YELLOW,RED,YELLOW
Calvin Ridley,WR,YELLOW,RED,RED
Chris Olave,WR,RED,RED,RED
Aaron Jones,RB,YELLOW,YELLOW,GREEN
Jordan Addison,WR,GREEN,GREEN,GREEN
Baker Mayfield,QB,YELLOW,GREEN,RED
Chris Godwin,WR,YELLOW,GREEN,RED
Isiah Pacheco,RB,RED,RED,YELLOW
Jerry Jeudy,WR,GREEN,YELLOW,RED
Kaleb Johnson,RB,YELLOW,YELLOW,YELLOW
D'Andre Swift,RB,RED,RED,YELLOW
Rome Odunze,WR,GREEN,YELLOW,YELLOW
Tony Pollard,RB,YELLOW,YELLOW,RED
Travis Kelce,TE,RED,GREEN,YELLOW
Bo Nix,QB,YELLOW,YELLOW,YELLOW
Deebo Samuel,WR,RED,YELLOW,YELLOW
Mark Andrews,TE,YELLOW,GREEN,GREEN
Jauan Jennings,WR,GREEN,YELLOW,YELLOW
Brian Robinson,RB,GREEN,RED,YELLOW
Kyler Murray,QB,GREEN,YELLOW,GREEN
Cooper Kupp,WR,YELLOW,YELLOW,RED
Khalil Shakir,WR,RED,YELLOW,GREEN
Jakobi Meyers,WR,YELLOW,RED,YELLOW
Stefon Diggs,WR,RED,RED,YELLOW
Matthew Golden,WR,YELLOW,YELLOW,GREEN
Jonnu Smith,TE,YELLOW,YELLOW,YELLOW
Tyrone Tracy,RB,YELLOW,RED,RED
Jayden Reed,WR,YELLOW,YELLOW,GREEN
Ricky Pearsall,WR,GREEN,YELLOW,YELLOW
David Njoku,TE,YELLOW,GREEN,RED
Jaylen Warren,RB,YELLOW,YELLOW,YELLOW
Brandon Aiyuk,WR,GREEN,YELLOW,YELLOW
Evan Engram,TE,GREEN,RED,YELLOW
Cam Skattebo,RB,YELLOW,RED,RED
Brock Purdy,QB,YELLOW,YELLOW,YELLOW
Jared Goff,QB,RED,GREEN,GREEN
Caleb Williams,QB,GREEN,YELLOW,YELLOW
Najee Harris,RB,YELLOW,YELLOW,YELLOW
Travis Etienne,RB,YELLOW,RED,YELLOW
Javonte Williams,RB,GREEN,RED,GREEN
Justin Fields,QB,YELLOW,YELLOW,RED
Zach Charbonnet,RB,YELLOW,YELLOW,RED
Luther Burden,WR,GREEN,YELLOW,YELLOW
Josh Downs,WR,YELLOW,YELLOW,YELLOW
Justin Herbert,QB,YELLOW,YELLOW,YELLOW
Darnell Mooney,WR,GREEN,GREEN,YELLOW
Jordan Mason,RB,YELLOW,YELLOW,GREEN
Rhamondre Stevenson,RB,YELLOW,RED,YELLOW
Tyler Warren,TE,YELLOW,RED,YELLOW
Dak Prescott,QB,YELLOW,RED,GREEN
Emeka Egbuka,WR,YELLOW,GREEN,RED
Michael Pittman,WR,YELLOW,YELLOW,YELLOW
Colston Loveland,TE,RED,RED,YELLOW
Tucker Kraft,TE,YELLOW,YELLOW,GREEN
Keon Coleman,WR,RED,YELLOW,GREEN
Jordan Love,QB,RED,YELLOW,GREEN
Drake Maye,QB,RED,YELLOW,YELLOW
Jayden Higgins,WR,GREEN,YELLOW,YELLOW
Bhayshul Tuten,RB,YELLOW,RED,YELLOW
C.J. Stroud,QB,GREEN,RED,YELLOW
Tyjae Spears,RB,RED,GREEN,GREEN
Dalton Kincaid,TE,RED,YELLOW,GREEN
Dallas Goedert,TE,GREEN,YELLOW,YELLOW
Tank Bigsby,RB,RED,GREEN,YELLOW
Rachaad White,RB,RED,GREEN,RED
Rashid Shaheed,WR,RED,RED,RED
Jaydon Blue,RB,GREEN,RED,GREEN
J.J. McCarthy,QB,GREEN,YELLOW,GREEN
Jake Ferguson,TE,RED,YELLOW,GREEN
Jack Bech,WR,YELLOW,RED,YELLOW
Kyle Williams,WR,RED,RED,YELLOW
Austin Ekeler,RB,YELLOW,YELLOW,YELLOW
Marvin Mims,WR,YELLOW,GREEN,YELLOW
Tre Harris,WR,RED,YELLOW,YELLOW
Marquise Brown,WR,RED,YELLOW,YELLOW
Rashod Bateman,WR,GREEN,RED,GREEN
Isaac Guerendo,RB,GREEN,RED,YELLOW
Trey Benson,RB,GREEN,GREEN,GREEN
Trevor Lawrence,QB,GREEN,YELLOW,YELLOW
Kyle Pitts,TE,YELLOW,RED,YELLOW
Tyler Allgeier,RB,RED,GREEN,YELLOW
Michael Penix,QB,RED,RED,YELLOW
Cameron Ward,QB,YELLOW,RED,RED
Matthew Stafford,QB,YELLOW,RED,YELLOW
Ray Davis,RB,YELLOW,GREEN,GREEN
J.K. Dobbins,RB,YELLOW,YELLOW,YELLOW
Christian Kirk,WR,GREEN,YELLOW,YELLOW
Quentin Johnston,WR,RED,YELLOW,YELLOW
Adam Thielen,WR,GREEN,GREEN,GREEN
Isaiah Likely,TE,RED,GREEN,YELLOW
Xavier Legette,WR,YELLOW,YELLOW,RED
Jalen McMillan,WR,RED,YELLOW,GREEN
Bryce Young,QB,YELLOW,YELLOW,RED
Rico Dowdle,RB,YELLOW,YELLOW,RED
Pat Freiermuth,TE,YELLOW,YELLOW,YELLOW
Cedric Tillman,WR,GREEN,YELLOW,RED
Tua Tagovailoa,QB,YELLOW,YELLOW,YELLOW
Geno Smith,QB,YELLOW,RED,YELLOW
Braelon Allen,RB,GREEN,YELLOW,RED
Hunter Henry,TE,YELLOW,GREEN,YELLOW
Brenton Strange,TE,GREEN,YELLOW,YELLOW
Roschon Johnson,RB,GREEN,YELLOW,YELLOW
Sam Darnold,QB,RED,YELLOW,RED
Zach Ertz,TE,YELLOW,YELLOW,YELLOW
Nick Chubb,RB,YELLOW,YELLOW,YELLOW
Jaylen Wright,RB,GREEN,YELLOW,YELLOW
Wan'Dale Robinson,WR,GREEN,YELLOW,RED
DeAndre Hopkins,WR,GREEN,RED,GREEN
Joshua Palmer,WR,RED,YELLOW,GREEN
Jaylin Noel,WR,GREEN,YELLOW,YELLOW
Mike Gesicki,TE,GREEN,GREEN,GREEN
Cade Otton,TE,YELLOW,YELLOW,RED
Romeo Doubs,WR,YELLOW,YELLOW,GREEN
Mason Taylor,TE,YELLOW,YELLOW,RED
Aaron Rodgers,QB,YELLOW,YELLOW,YELLOW
Pat Bryant,WR,GREEN,YELLOW,YELLOW
Kareem Hunt,RB,RED,RED,YELLOW
Anthony Richardson,QB,YELLOW,YELLOW,YELLOW
Dylan Sampson,RB,RED,RED,RED
Keenan Allen,WR,RED,YELLOW,YELLOW
Justice Hill,RB,GREEN,YELLOW,RED
Jarquez Hunter,RB,YELLOW,YELLOW,YELLOW
Alec Pierce,WR,YELLOW,YELLOW,YELLOW
DJ Giddens,RB,YELLOW,YELLOW,YELLOW
Jerome Ford,RB,RED,RED,RED
Blake Corum,RB,YELLOW,YELLOW,RED
MarShawn Lloyd,RB,YELLOW,GREEN,GREEN
Devin Neal,RB,GREEN,YELLOW,RED
Dalton Schultz,TE,YELLOW,RED,YELLOW
Jalen Coker,WR,YELLOW,YELLOW,RED
Will Shipley,RB,RED,GREEN,YELLOW
Michael Wilson,WR,YELLOW,RED,GREEN
Jaxson Dart,QB,GREEN,RED,RED
Chigoziem Okonkwo,TE,GREEN,YELLOW,RED
DeMario Douglas,WR,RED,RED,YELLOW
Terrance Ferguson,TE,RED,RED,YELLOW
Dontayvion Wicks,WR,YELLOW,YELLOW,GREEN
Darius Slayton,WR,GREEN,YELLOW,RED
Ja'Tavion Sanders,TE,RED,RED,RED
Juwan Johnson,TE,RED,YELLOW,RED
Amari Cooper,WR,GREEN,GREEN,YELLOW
Tyler Lockett,WR,YELLOW,RED,RED
Roman Wilson,WR,YELLOW,RED,YELLOW
Brashard Smith,RB,RED,YELLOW,YELLOW
Adonai Mitchell,WR,YELLOW,YELLOW,YELLOW
Elic Ayomanor,WR,YELLOW,RED,RED
Joe Flacco,QB,GREEN,RED,RED
Russell Wilson,QB,GREEN,RED,RED
Dyami Brown,WR,YELLOW,YELLOW,YELLOW
Calvin Austin,WR,YELLOW,RED,YELLOW
Cole Kmet,TE,RED,RED,YELLOW
Elijah Arroyo,TE,GREEN,YELLOW,RED
Jalen Royals,WR,RED,YELLOW,YELLOW
Andrei Iosivas,WR,YELLOW,GREEN,YELLOW
Shedeur Sanders,QB,GREEN,RED,RED
Tyler Shough,QB,RED,GREEN,RED
Daniel Jones,QB,YELLOW,YELLOW,YELLOW
Woody Marks,RB,YELLOW,YELLOW,YELLOW
Theo Johnson,TE,YELLOW,RED,RED
Jalen Tolbert,WR,YELLOW,GREEN,GREEN
Jordan James,RB,GREEN,RED,YELLOW
Miles Sanders,RB,GREEN,RED,GREEN
Jalen Milroe,QB,RED,YELLOW,RED
Trevor Etienne,RB,YELLOW,YELLOW,RED
Tahj Brooks,RB,GREEN,YELLOW,GREEN
Jaleel McLaughlin,RB,YELLOW,YELLOW,YELLOW
Audric Estime,RB,YELLOW,YELLOW,YELLOW
Noah Gray,TE,RED,GREEN,YELLOW
Kendre Miller,RB,GREEN,YELLOW,RED
Ray-Ray McCloud,WR,GREEN,GREEN,YELLOW
Ollie Gordon II,RB,GREEN,YELLOW,YELLOW
Kyle Monangai,RB,RED,RED,YELLOW
Keaton Mitchell,RB,YELLOW,RED,YELLOW
Tutu Atwell,WR,RED,GREEN,YELLOW
Raheem Mostert,RB,YELLOW,YELLOW,GREEN
Savion Williams,WR,YELLOW,YELLOW,GREEN
Harold Fannin,TE,YELLOW,GREEN,RED
Tory Horton,WR,YELLOW,YELLOW,RED
Zack Moss,RB,GREEN,YELLOW,GREEN
Mike Williams,WR,RED,YELLOW,YELLOW
Xavier Restrepo,WR,YELLOW,RED,RED
Sean Tucker,RB,RED,GREEN,RED
Jahan Dotson,WR,RED,YELLOW,YELLOW
Ben Sinnott,TE,YELLOW,YELLOW,YELLOW
Javon Baker,WR,GREEN,YELLOW,RED
Diontae Johnson,WR,YELLOW,RED,RED
Troy Franklin,WR,YELLOW,GREEN,YELLOW
Johnny Wilson,WR,RED,YELLOW,YELLOW
Tyler Higbee,TE,RED,RED,YELLOW
K.J. Osborn,WR,RED,GREEN,YELLOW
Brenden Rice,WR,RED,YELLOW,YELLOW
Zamir White,RB,RED,YELLOW,YELLOW
Tyler Conklin,TE,GREEN,YELLOW,YELLOW
Jordan Whittington,WR,RED,GREEN,YELLOW
Ty Johnson,RB,YELLOW,GREEN,GREEN
Jonathon Brooks,RB,YELLOW,YELLOW,RED
Jermaine Burton,WR,GREEN,GREEN,GREEN
Brandin Cooks,WR,RED,RED,RED
Elijah Moore,WR,RED,YELLOW,GREEN
Curtis Samuel,WR,RED,YELLOW,GREEN
Ezekiel Elliott,RB,#N/A,#N/A,#N/A
Antonio Gibson,RB,YELLOW,RED,YELLOW
Christian Watson,WR,YELLOW,YELLOW,GREEN
Kirk Cousins,QB,RED,RED,YELLOW
Luke Musgrave,TE,YELLOW,YELLOW,GREEN
A.T. Perry,WR,GREEN,GREEN,GREEN
Xavier Hutchinson,WR,GREEN,YELLOW,YELLOW
Damien Martinez,RB,GREEN,GREEN,GREEN
Tahj Washington,WR,YELLOW,RED,YELLOW
Noah Fant,TE,GREEN,YELLOW,RED
Nathaniel Dell,WR,GREEN,YELLOW,YELLOW
Noah Brown,WR,RED,YELLOW,YELLOW
Ja'Lynn Polk,WR,RED,RED,YELLOW
Malik Washington,WR,YELLOW,RED,YELLOW
Gabe Davis,WR,#N/A,#N/A,#N/A
Mason Rudolph,QB,YELLOW,YELLOW,YELLOW
Devin Singletary,RB,YELLOW,RED,RED
Demarcus Robinson,WR,GREEN,YELLOW,YELLOW
Deshaun Watson,QB,GREEN,RED,RED
Devontez Walker,WR,GREEN,RED,GREEN
Elijah Mitchell,RB,RED,RED,YELLOW
Tyler Boyd,WR,#N/A,#N/A,#N/A
Jalin Hyatt,WR,GREEN,YELLOW,RED
Kimani Vidal,RB,YELLOW,YELLOW,YELLOW
Rondale Moore,WR,GREEN,GREEN,GREEN
Malachi Corley,WR,YELLOW,YELLOW,RED
Kayshon Boutte,WR,RED,RED,YELLOW
Gus Edwards,RB,#N/A,#N/A,#N/A
Jonathan Mingo,WR,YELLOW,GREEN,GREEN
Kendrick Bourne,WR,RED,RED,YELLOW
Allen Lazard,WR,YELLOW,YELLOW,RED
Khalil Herbert,RB,YELLOW,YELLOW,YELLOW
Alexander Mattison,RB,GREEN,YELLOW,YELLOW
Derek Carr,QB,#N/A,#N/A,#N/A
Isaiah Davis,RB,GREEN,YELLOW,RED
Ty Chandler,RB,YELLOW,YELLOW,GREEN
Tyquan Thornton,WR,RED,YELLOW,YELLOW
Kenneth Gainwell,RB,YELLOW,YELLOW,YELLOW
Treylon Burks,WR,YELLOW,RED,RED
JuJu Smith-Schuster,WR,RED,YELLOW,YELLOW
Jacory Croskey-Merritt,RB,YELLOW,YELLOW,YELLOW
Dont'e Thornton,WR,YELLOW,RED,YELLOW
Skyy Moore,WR,YELLOW,YELLOW,RED
Dustin Hopkins,K,GREEN,RED,GREEN
Jake Bobo,WR,RED,YELLOW,RED
Hayden Hurst,TE,YELLOW,RED,RED
A.T. Perry,WR,YELLOW,RED,RED
Kenny Pickett,QB,GREEN,GREEN,YELLOW
Chad Ryland,K,#N/A,#N/A,#N/A
Durham Smythe,TE,GREEN,GREEN,YELLOW
Darius Slayton,WR,YELLOW,RED,RED
Aidan O'Connell,QB,YELLOW,RED,RED
Jermar Jefferson,RB,YELLOW,GREEN,GREEN
Tre Tucker,WR,GREEN,RED,RED
J.J. Taylor,RB,RED,YELLOW,RED
Deuce Vaughn,RB,RED,RED,GREEN
Andrei Iosivas,WR,RED,GREEN,GREEN
D'Onta Foreman,RB,YELLOW,RED,GREEN
Joshua Dobbs,QB,YELLOW,YELLOW,YELLOW
Elijah Moore,WR,RED,YELLOW,GREEN
Joey Slye,K,YELLOW,RED,GREEN
KaVontae Turpin,WR,RED,GREEN,GREEN
Darnell Washington,TE,GREEN,GREEN,YELLOW
Greg Joseph,K,#N/A,#N/A,#N/A
Isaac Guerendo,RB,RED,YELLOW,YELLOW
Mecole Hardman Jr.,WR,YELLOW,YELLOW,RED
Allen Lazard,WR,YELLOW,GREEN,GREEN
Carson Wentz,QB,RED,YELLOW,RED
Joe Flacco,QB,YELLOW,YELLOW,RED
Cade Stover,TE,YELLOW,RED,RED
Zay Jones,WR,YELLOW,RED,GREEN
K.J. Osborn,WR,YELLOW,RED,GREEN
Cade York,K,GREEN,GREEN,YELLOW
Connor Heyward,TE,GREEN,GREEN,YELLOW
Luke Schoonmaker,TE,RED,YELLOW,GREEN
Donovan Peoples-Jones,WR,RED,GREEN,GREEN
Hendon Hooker,QB,RED,GREEN,GREEN
Equanimeous St. Brown,WR,YELLOW,RED,RED
Daniel Bellinger,TE,GREEN,RED,RED
Brevin Jordan,TE,YELLOW,RED,RED
Brock Wright,TE,RED,YELLOW,GREEN
Dylan Laube,RB,YELLOW,RED,RED
Zach Wilson,QB,GREEN,YELLOW,RED
Jimmy Garoppolo,QB,YELLOW,YELLOW,GREEN
Theo Johnson,TE,GREEN,RED,RED
Kendrick Bourne,WR,YELLOW,RED,GREEN
Jared Wiley,TE,YELLOW,GREEN,RED
Trey Lance,QB,RED,YELLOW,GREEN
DeWayne McBride,RB,#N/A,#N/A,#N/A
Josh Reynolds,WR,YELLOW,YELLOW,RED
Tommy DeVito,QB,YELLOW,RED,RED
Brett Maher,K,#N/A,#N/A,#N/A
Tom Brady,QB,#N/A,#N/A,#N/A
Josh Oliver,TE,YELLOW,YELLOW,RED
D.J. Montgomery,WR,YELLOW,YELLOW,RED
Ainias Smith,WR,YELLOW,YELLOW,YELLOW
Matt Prater,K,YELLOW,YELLOW,GREEN
Tyler Scott,WR,YELLOW,YELLOW,GREEN
Elijah Higgins,TE,YELLOW,GREEN,GREEN
Mo Alie-Cox,TE,RED,RED,RED
Cooper Rush,QB,RED,YELLOW,GREEN
Riley Patterson,K,#N/A,#N/A,#N/A
John Metchie III,WR,GREEN,YELLOW,RED
David Moore,WR,YELLOW,YELLOW,GREEN
Chris Naggar,K,#N/A,#N/A,#N/A
Julio Jones,WR,#N/A,#N/A,#N/A
Davis Allen,TE,RED,RED,GREEN
Ramiz Ahmed,K,#N/A,#N/A,#N/A
Mason Crosby,K,#N/A,#N/A,#N/A
DJ Chark Jr.,WR,YELLOW,YELLOW,RED
Nick Folk,K,YELLOW,YELLOW,RED
Spencer Rattler,QB,GREEN,GREEN,RED
Julian Hill,TE,GREEN,GREEN,YELLOW
Jonathan Mingo,WR,YELLOW,YELLOW,GREEN
Trace McSorley,QB,#N/A,#N/A,#N/A
Tanner Brown,K,#N/A,#N/A,#N/A
Brandon Powell,WR,RED,GREEN,RED
Rasheen Ali,RB,RED,GREEN,YELLOW
Joe Milton III,QB,YELLOW,RED,GREEN
SaRodorick Thompson Jr.,RB,#N/A,#N/A,#N/A
Johnny Wilson,WR,YELLOW,YELLOW,YELLOW
Anthony McFarland Jr.,RB,#N/A,#N/A,#N/A
Mac Jones,QB,YELLOW,RED,RED
Jacob Saylors,RB,#N/A,#N/A,#N/A
Lucas Havrisik,K,#N/A,#N/A,#N/A
Tyson Bagent,QB,YELLOW,YELLOW,GREEN
Jaren Hall,QB,#N/A,#N/A,#N/A
Nathan Rourke,QB,#N/A,#N/A,#N/A
Christopher Dunn,K,#N/A,#N/A,#N/A
Bo Melton,WR,GREEN,GREEN,RED
Robert Woods,WR,GREEN,YELLOW,RED
Ty,,#N/A,#N/A,#N/A
Rodrigo Blankenship,,#N/A,#N/A,#N/A
Anthony Jones,,#N/A,#N/A,#N/A
K.J. Costello,,#N/A,#N/A,#N/A
Carolina Panthers,,RED,#REF!,GREEN
Gerald Everett,,YELLOW,RED,GREEN
Charlie Taumoepeau,,#N/A,#N/A,#N/A
C.J. Ham,,YELLOW,YELLOW,RED
Andy Dalton,,GREEN,RED,GREEN
Cordarrelle Patterson,,RED,YELLOW,YELLOW
Max Duggan,,#N/A,#N/A,#N/A
Dylan McDuffie,,#N/A,#N/A,#N/A
Derius Davis,,YELLOW,YELLOW,RED
Josh Lambo,,#N/A,#N/A,#N/A
Lucky Jackson,,RED,GREEN,RED
Michael Wiley,,YELLOW,GREEN,YELLOW
Tanner Hudson,,YELLOW,YELLOW,GREEN
Kyle Allen,,YELLOW,YELLOW,YELLOW
Grant Calcaterra,,YELLOW,YELLOW,YELLOW
Anthony Brown Jr.,,#N/A,#N/A,#N/A
MyCole Pruitt,,GREEN,GREEN,YELLOW
Matt Barkley,,#N/A,#N/A,#N/A
Derek Watt,,#N/A,#N/A,#N/A
Jon Hilliman,,#N/A,#N/A,#N/A
Jazz Ferguson,,#N/A,#N/A,#N/A
Jalen Virgil,,RED,YELLOW,GREEN
Matt Ryan,,#N/A,#N/A,#N/A
Jhamon Ausbon,,#N/A,#N/A,#N/A
James White,,#N/A,#N/A,#N/A
Eddy Pineiro,,YELLOW,RED,GREEN
Armani Rogers,,#N/A,#N/A,#N/A
Ethan Fernea,,#N/A,#N/A,#N/A
Jalen Brooks,,RED,GREEN,GREEN
Patrick Ricard,,RED,GREEN,YELLOW
Adam Trautman,,GREEN,RED,RED
Eric Tomlinson,,YELLOW,RED,RED
J.D. McKissic,,#N/A,#N/A,#N/A
Trenton Irwin,,RED,GREEN,GREEN
Van Jefferson,,YELLOW,RED,YELLOW
Kalif Raymond,,RED,GREEN,GREEN
Corey Clement,,#N/A,#N/A,#N/A
Patrick Taylor Jr.,,RED,YELLOW,YELLOW
Josh Pederson,,#N/A,#N/A,#N/A
AJ Barner,,YELLOW,RED,RED
Britain Covey,,YELLOW,YELLOW,YELLOW
Austin Hooper,,RED,GREEN,GREEN
Peter LeBlanc,,#N/A,#N/A,#N/A
Tim Patrick,,RED,GREEN,GREEN
Eli Stove,,#N/A,#N/A,#N/A
Michael Gallup,,#N/A,#N/A,#N/A
Caleb Huntley,,#N/A,#N/A,#N/A
Calvin Austin III,,YELLOW,RED,YELLOW
Peyton Hendershot,,YELLOW,GREEN,RED
Clayton Thorson,,#N/A,#N/A,#N/A
Nick Sciba,,#N/A,#N/A,#N/A
Cole McDonald,,#N/A,#N/A,#N/A
Ronnie Bell,,GREEN,YELLOW,YELLOW
Raheem Blackshear,,YELLOW,YELLOW,GREEN
Michael Pratt,,GREEN,GREEN,GREEN
Malcolm Brown,,#N/A,#N/A,#N/A
Pharaoh Brown,,YELLOW,RED,RED
Nick Foles,,#N/A,#N/A,#N/A
Alec Pierce,,YELLOW,YELLOW,RED
Sione Vaki,,YELLOW,GREEN,GREEN
Byron Pringle,,GREEN,YELLOW,YELLOW
Leonard Fournette,,#N/A,#N/A,#N/A
Jeff Wilson Jr.,,RED,YELLOW,YELLOW
Skylar Thompson,,YELLOW,YELLOW,YELLOW
Stetson Bennett,,YELLOW,YELLOW,GREEN
Albert Okwuegbunam Jr.,,YELLOW,YELLOW,YELLOW
Dante Miller,,GREEN,RED,RED
Nelson Agholor,,GREEN,YELLOW,YELLOW
Jacoby Brissett,,YELLOW,RED,GREEN
Velus Jones Jr.,,YELLOW,YELLOW,GREEN
Tylan Wallace,,GREEN,YELLOW,YELLOW
Drew Sample,,YELLOW,YELLOW,GREEN
Robbie Gould,,#N/A,#N/A,#N/A
Treylon Burks,,GREEN,RED,RED
Mack Hollins,,RED,YELLOW,GREEN
Travis Homer,,YELLOW,YELLOW,GREEN
Keaontay Ingram,,YELLOW,RED,RED
Johnny Mundt,,YELLOW,YELLOW,RED
Ben DiNucci,,#N/A,#N/A,#N/A
Jordan Travis,,YELLOW,YELLOW,GREEN
DeeJay Dallas,,YELLOW,YELLOW,GREEN
Craig Reynolds,,YELLOW,GREEN,GREEN
Brandon Allen,,YELLOW,YELLOW,YELLOW
Israel Abanikanda,,GREEN,YELLOW,GREEN
Charlie Jones,,RED,GREEN,GREEN
Chris Conley,,GREEN,YELLOW,YELLOW
Devin Leary,,YELLOW,GREEN,YELLOW
Tommy Tremble,,GREEN,RED,GREEN
Tutu Atwell,,YELLOW,GREEN,GREEN
Irv Smith Jr.,,#N/A,#N/A,#N/A
Shane Zylstra,,RED,YELLOW,GREEN
Cornelius Johnson,,YELLOW,YELLOW,RED
Sean Clifford,,RED,YELLOW,RED
Dante Pettis,,YELLOW,YELLOW,GREEN
Alec Ingold,,RED,YELLOW,YELLOW
Jalen Nailor,,RED,GREEN,RED
Ty Johnson,,YELLOW,GREEN,GREEN
Jashaun Corbin,,#N/A,#N/A,#N/A
Jha'Quan Jackson,,GREEN,RED,RED
Binjimen Victor,,#N/A,#N/A,#N/A
Malik Heath,,GREEN,GREEN,RED
Parris Campbell,,YELLOW,YELLOW,YELLOW
Ryan Flournoy,,RED,GREEN,GREEN
Jake Funk,,#N/A,#N/A,#N/A
Carson Strong,,#N/A,#N/A,#N/A
Sam Howell,,RED,YELLOW,RED
Justyn Ross,,YELLOW,YELLOW,RED
Malik Willis,,RED,YELLOW,RED
Will Mallory,,RED,RED,RED
Cole Fotheringham,,YELLOW,RED,RED
Trey Palmer,,YELLOW,GREEN,GREEN
Deneric Prince,,RED,YELLOW,YELLOW
Isaiah Williams,,RED,GREEN,GREEN
Tejhaun Palmer,,YELLOW,RED,GREEN
Caleb Shudak,,#N/A,#N/A,#N/A
Ameer Abdullah,,YELLOW,RED,RED
Trishton Jackson,,RED,GREEN,RED
Bailey Zappe,,RED,YELLOW,RED
Kareem Hunt,,YELLOW,RED,RED
Stanley Berryhill,,#N/A,#N/A,#N/A
Frank Gore Jr.,,YELLOW,GREEN,GREEN
Jake Browning,,RED,GREEN,GREEN
Jarrett Stidham,,GREEN,YELLOW,RED
Marcedes Lewis,,YELLOW,RED,GREEN
Kene Nwangwu,,#N/A,#N/A,#N/A
Marquez Valdes-Scantling,,YELLOW,RED,RED
Khari Blasingame,,YELLOW,YELLOW,GREEN
Matthew Wright,,#N/A,#N/A,#N/A
River Cracraft,,GREEN,RED,YELLOW
Ryan Succop,,#N/A,#N/A,#N/A
Curtis Hodges,,#N/A,#N/A,#N/A
Jake Tonges,,RED,GREEN,YELLOW
Kevin Harris,,RED,YELLOW,GREEN
Xavier Weaver,,YELLOW,RED,GREEN
Mitchell Trubisky,,YELLOW,GREEN,GREEN
Gunner Olszewski,,YELLOW,RED,RED
Josh Johnson,,YELLOW,GREEN,YELLOW
Teddy Bridgewater,,#N/A,#N/A,#N/A
Lil'Jordan Humphrey,,YELLOW,YELLOW,RED
Kenny McIntosh,,GREEN,YELLOW,RED
Bryce Perkins,,#N/A,#N/A,#N/A
Emanuel Wilson,,RED,GREEN,RED
Jaheim Bell,,RED,GREEN,GREEN
Hunter Long,,RED,RED,GREEN
Mohamed Ibrahim,,#N/A,#N/A,#N/A
Noah Brown,,GREEN,YELLOW,YELLOW
Tre'Quan Smith,,RED,GREEN,GREEN
Justin Jackson,,#N/A,#N/A,#N/A
Ray-Ray McCloud III,,YELLOW,YELLOW,YELLOW
Drew Ogletree,,RED,RED,RED
Trent Taylor,,GREEN,YELLOW,YELLOW
Xavier Hutchinson,,GREEN,YELLOW,RED
Devaughn Vele,,YELLOW,YELLOW,RED
Kylen Granson,,RED,RED,RED
Steven Sims Jr.,,GREEN,YELLOW,RED
Hunter Renfrow,,#N/A,#N/A,#N/A
James McCourt,,#N/A,#N/A,#N/A
Michael Thomas,,#N/A,#N/A,#N/A
James Turner,,#N/A,#N/A,#N/A
Jonathan Garibay,,#N/A,#N/A,#N/A
Colson Yankoff,,YELLOW,YELLOW,YELLOW
Brenton Strange,,RED,YELLOW,RED
Parker Washington,,RED,YELLOW,RED
Samori Toure,,YELLOW,YELLOW,GREEN
Ryan Tannehill,,#N/A,#N/A,#N/A
Davis Mills,,GREEN,RED,RED
Roger Carter Jr.,,#N/A,#N/A,#N/A
Emari Demercado,,YELLOW,YELLOW,GREEN
Josh Gordon,,#N/A,#N/A,#N/A
Robbie Chosen,,GREEN,RED,YELLOW
Chase Allen,,#N/A,#N/A,#N/A
Boston Scott,,RED,YELLOW,YELLOW
Charlie Smyth,,GREEN,YELLOW,RED
Deonte Harty,,GREEN,YELLOW,YELLOW
DeAndre Carter,,YELLOW,YELLOW,GREEN
Dylan Drummond,,YELLOW,YELLOW,YELLOW
A.J. Green,,#N/A,#N/A,#N/A
Nsimba Webster,,YELLOW,YELLOW,GREEN
Jameis Winston,,RED,YELLOW,GREEN
Jerick McKinnon,,#N/A,#N/A,#N/A
Jamari Thrash,,RED,YELLOW,GREEN
Scotty Miller,,YELLOW,RED,YELLOW
Dare Ogunbowale,,RED,YELLOW,RED
Lucas Krull,,GREEN,RED,RED
Drew Lock,,YELLOW,RED,RED
James Proche II,,RED,YELLOW,GREEN
Donald Parham Jr.,,GREEN,RED,RED
Blake Watson,,YELLOW,RED,RED
Mark Ingram,,#N/A,#N/A,#N/A
Trayveon Williams,,YELLOW,YELLOW,GREEN
Brayden Narveson,,RED,YELLOW,RED
Darrynton Evans,,YELLOW,GREEN,GREEN
KJ Hamler,,RED,YELLOW,GREEN
Kellen Mond,,#N/A,#N/A,#N/A
Quez Watkins,,YELLOW,RED,YELLOW
Kayshon Boutte,,YELLOW,RED,GREEN
Nick Westbrook-Ikhine,,GREEN,RED,RED
Scotty Washington,,#N/A,#N/A,#N/A
Joshua Kelley,,#N/A,#N/A,#N/A
Michael Carter,,YELLOW,YELLOW,GREEN
Joe Reed,,#N/A,#N/A,#N/A
David Bell,,RED,YELLOW,GREEN
Austin Seibert,,#N/A,#N/A,#N/A
Malik Davis,,RED,RED,GREEN
Tom Kennedy,,RED,GREEN,GREEN
Samson Nacua,,#N/A,#N/A,#N/A
Freddie Swain,,#N/A,#N/A,#N/A
Ronnie Rivers,,YELLOW,YELLOW,GREEN
Jimmy Graham,,#N/A,#N/A,#N/A
Cedric Tillman,,RED,YELLOW,GREEN
Zach Evans,,#N/A,#N/A,#N/A
Ian Thomas,,GREEN,RED,GREEN
Randy Bullock,,#N/A,#N/A,#N/A
Chris Rodriguez Jr.,,YELLOW,GREEN,YELLOW
Owen Wright,,RED,GREEN,YELLOW
Charlie Kolar,,RED,GREEN,YELLOW
Hunter Luepke,,RED,RED,GREEN
Duece Watts,,#N/A,#N/A,#N/A
Zach Pascal,,YELLOW,RED,GREEN
Case Keenum,,GREEN,RED,RED
D,,#N/A,#N/A,#N/A
Xavier Gipson,,YELLOW,GREEN,GREEN
Chris Brooks,,#N/A,#N/A,#N/A
Charlie Woerner,,YELLOW,YELLOW,YELLOW
Damien Harris,,#N/A,#N/A,#N/A
Sean Tucker,,GREEN,GREEN,GREEN
Isaiah McKenzie,,YELLOW,RED,RED
Snoop Conner,,#N/A,#N/A,#N/A
Jase McClellan,,YELLOW,GREEN,YELLOW
Russell Gage,,#N/A,#N/A,#N/A
Allen Robinson II,,RED,GREEN,GREEN
Tyrod Taylor,,YELLOW,YELLOW,GREEN
Nathan Peterman,,#N/A,#N/A,#N/A
Brandon Bolden,,#N/A,#N/A,#N/A
Rex Burkhead,,#N/A,#N/A,#N/A
Benny Snell Jr.,,#N/A,#N/A,#N/A
Jordan Akins,,YELLOW,GREEN,GREEN
DeVante Parker,,#N/A,#N/A,#N/A
C.J. Uzomah,,#N/A,#N/A,#N/A
Jacob Cowing,,GREEN,YELLOW,YELLOW
Sterling Shepard,,YELLOW,GREEN,GREEN
Zack Kuntz,,RED,RED,GREEN
Desmond Ridder,,YELLOW,YELLOW,GREEN
Reggie Gilliam,,YELLOW,GREEN,GREEN
P.J. Walker,,#N/A,#N/A,#N/A
John Bates,,YELLOW,YELLOW,YELLOW
Matt Breida,,#N/A,#N/A,#N/A
Tucker Fisk,,YELLOW,RED,RED
Anthony Firkser,,RED,RED,GREEN
Melvin Gordon,,#N/A,#N/A,#N/A
Royce Freeman,,#N/A,#N/A,#N/A
Nyheim Hines,,YELLOW,RED,GREEN
Kameron Johnson,,YELLOW,GREEN,GREEN
Cedrick Wilson Jr.,,YELLOW,RED,RED
Ben Sims,,RED,YELLOW,RED
Jeremy Ruckert,,RED,RED,GREEN
Henry Pearson,,#N/A,#N/A,#N/A
Will Dissly,,YELLOW,RED,RED
Bub Means,,YELLOW,RED,RED
Trent Sherfield Sr.,,RED,GREEN,RED
Matt Bushman,,#N/A,#N/A,#N/A
Laquon Treadwell,,YELLOW,YELLOW,RED
Foster Moreau,,GREEN,YELLOW,RED
Devin Culp,,GREEN,YELLOW,GREEN
Eric Saubert,,RED,GREEN,YELLOW
Colt McCoy,,#N/A,#N/A,#N/A
Matt Ammendola,,#N/A,#N/A,#N/A
Spencer Shrader,,YELLOW,YELLOW,RED
Olamide Zaccheaus,,GREEN,YELLOW,YELLOW
Devin Duvernay,,RED,YELLOW,RED
Isaiah Hodgins,,YELLOW,RED,RED
Harrison Bryant,,YELLOW,GREEN,RED
Salvon Ahmed,,#N/A,#N/A,#N/A
Tim Jones,,RED,YELLOW,RED
Kenny Yeboah,,RED,RED,GREEN
Dez Fitzpatrick,,#N/A,#N/A,#N/A
Ian Book,,#N/A,#N/A,#N/A
Tre,,#N/A,#N/A,#N/A
Dee Eskridge,,GREEN,RED,YELLOW
John FitzPatrick,,YELLOW,YELLOW,YELLOW
Montrell Washington,,YELLOW,YELLOW,RED
James Mitchell,,RED,YELLOW,GREEN
Tyler Goodson,,GREEN,RED,RED
Pierre Strong Jr.,,YELLOW,RED,GREEN
Chris Oladokun,,#N/A,#N/A,#N/A
Danny Gray,,#N/A,#N/A,#N/A
Dareke Young,,RED,YELLOW,RED
Harrison Mevis,,#N/A,#N/A,#N/A
Brandon Johnson,,YELLOW,RED,YELLOW
Tyreik McAllister,,YELLOW,RED,RED
John Parker Romo,,#N/A,#N/A,#N/A
Dorian Thompson-Robinson,,RED,YELLOW,GREEN
Josh Whyle,,GREEN,YELLOW,RED
Cameron Latu,,YELLOW,GREEN,GREEN
E.J. Jenkins,,YELLOW,YELLOW,YELLOW
Hassan Hall,,#N/A,#N/A,#N/A
Princeton Fant,,RED,YELLOW,GREEN
Jack Podlesny,,#N/A,#N/A,#N/A
Tre,,#N/A,#N/A,#N/A
Martavis Bryant,,#N/A,#N/A,#N/A
Logan Thomas,,#N/A,#N/A,#N/A
Willie Snead,,#N/A,#N/A,#N/A
Jamison Crowder,,GREEN,YELLOW,YELLOW
Phillip Dorsett,,#N/A,#N/A,#N/A
Marcus Mariota,,GREEN,GREEN,YELLOW
Chris Manhertz,,GREEN,RED,RED
Michael Burton,,YELLOW,RED,RED
Taylor Heinicke,,YELLOW,YELLOW,RED
Chris Moore,,YELLOW,RED,GREEN
Jeff Driskel,,GREEN,GREEN,YELLOW
C.J. Beathard,,#N/A,#N/A,#N/A
John Ross,,#N/A,#N/A,#N/A
Tarik Cohen,,#N/A,#N/A,#N/A
Nick Mullens,,RED,YELLOW,RED
Robert Tonyan,,YELLOW,YELLOW,RED
Jarveon Howard,,#N/A,#N/A,#N/A
Daurice Fountain,,#N/A,#N/A,#N/A
Godwin Igwebuike,,#N/A,#N/A,#N/A
Mason Rudolph,,GREEN,RED,RED
James Washington,,#N/A,#N/A,#N/A
David Wells,,#N/A,#N/A,#N/A
Mike White,,YELLOW,GREEN,GREEN
Logan Woodside,,RED,GREEN,GREEN
Mike Boone,,YELLOW,YELLOW,GREEN
KhaDarel Hodge,,YELLOW,YELLOW,YELLOW
John Wolford,,GREEN,RED,GREEN
Myles Gaskin,,YELLOW,YELLOW,RED
Jack Westover,,#N/A,#N/A,#N/A
Dayton Wade,,GREEN,YELLOW,YELLOW
Tyree Jackson,,#N/A,#N/A,#N/A
Stanley Morgan Jr.,,#N/A,#N/A,#N/A
Andrew Beck,,RED,YELLOW,RED
Miles Boykin,,YELLOW,RED,RED
Ian Wheeler,,YELLOW,YELLOW,GREEN
Zach Gentry,,#N/A,#N/A,#N/A
N'Keal Harry,,RED,GREEN,RED
Brett Rypien,,RED,YELLOW,RED
Jude McAtamney,,YELLOW,RED,RED
Easton Stick,,YELLOW,YELLOW,RED
Jason Bean,,YELLOW,YELLOW,RED
Austin Reed,,YELLOW,YELLOW,GREEN
Isaiah Wooden,,#N/A,#N/A,#N/A
Alex Hale,,RED,YELLOW,RED
Tyron Billy-Johnson,,#N/A,#N/A,#N/A
Stephen Carlson,,YELLOW,RED,GREEN
Elijah Collins,,#N/A,#N/A,#N/A
British Brooks,,RED,YELLOW,RED
D'Ernest Johnson,,YELLOW,RED,RED
Derrick Gore,,#N/A,#N/A,#N/A
Tyler Huntley,,YELLOW,GREEN,YELLOW
Jake Fromm,,RED,GREEN,GREEN
Jacques Patrick,,#N/A,#N/A,#N/A
Sean McKeon,,RED,RED,RED
Tyrie Cleveland,,#N/A,#N/A,#N/A
Josiah Deguara,,RED,YELLOW,RED
Collin Johnson,,YELLOW,YELLOW,GREEN
Nathaniel Peat,,#N/A,#N/A,#N/A
James Robinson,,#N/A,#N/A,#N/A
Laviska Shenault Jr.,,RED,YELLOW,RED
Easop Winston Jr.,,RED,YELLOW,RED
Dan Chisena,,YELLOW,RED,GREEN
Denzel Mims,,#N/A,#N/A,#N/A
La'Mical Perine,,RED,GREEN,RED
Jalen Reagor,,YELLOW,RED,GREEN
Jonathan Ward,,RED,YELLOW,YELLOW
JaMycal Hasty,,RED,YELLOW,GREEN
Tyler Mabry,,YELLOW,RED,RED
Ke'Shawn Vaughn,,RED,YELLOW,YELLOW
Marquez Callaway,,#N/A,#N/A,#N/A
Kristian Wilkerson,,GREEN,RED,RED
Lawrence Cager,,YELLOW,RED,RED
Spencer Brown,,#N/A,#N/A,#N/A
Deon Jackson,,#N/A,#N/A,#N/A
DJ Turner,,GREEN,RED,RED
Mathew Sexton,,#N/A,#N/A,#N/A
Sammis Reyes,,YELLOW,YELLOW,RED
Avery Williams,,YELLOW,GREEN,YELLOW
Terrace Marshall Jr.,,GREEN,YELLOW,YELLOW
Sam Ehlinger,,YELLOW,YELLOW,RED
Luke Farrell,,RED,YELLOW,RED
Cornell Powell,,#N/A,#N/A,#N/A
Jacob Harris,,#N/A,#N/A,#N/A
Ben Skowronek,,YELLOW,RED,YELLOW
Zach Davidson,,RED,YELLOW,GREEN
Ihmir Smith-Marsette,,#N/A,#N/A,#N/A
Kawaan Baker,,#N/A,#N/A,#N/A
Kyle Trask,,GREEN,GREEN,GREEN
Quintin Morris,,RED,YELLOW,GREEN
Adam Prentice,,YELLOW,YELLOW,RED
Jack Stoll,,YELLOW,YELLOW,YELLOW
Austin Watkins Jr.,,#N/A,#N/A,#N/A
Jaret Patterson,,GREEN,YELLOW,RED
Chris Collier,,RED,GREEN,YELLOW
Dee Williams,,RED,YELLOW,RED
Kobe Lewis,,#N/A,#N/A,#N/A
Tyler Badie,,YELLOW,RED,RED
Emani Bailey,,YELLOW,RED,RED
Michael Woods II,,RED,YELLOW,GREEN
George Holani,,GREEN,YELLOW,RED
Jalon Calhoun,,#N/A,#N/A,#N/A
Brittain Brown,,#N/A,#N/A,#N/A
Erik Ezukanma,,GREEN,RED,YELLOW
Thomas Yassmin,,GREEN,RED,RED
Tyquan Thornton,,YELLOW,RED,GREEN
Zonovan Knight,,#N/A,#N/A,#N/A
Zander Horvath,,#N/A,#N/A,#N/A
Isaiah Spiller,,#N/A,#N/A,#N/A
Tyrion Davis-Price,,GREEN,GREEN,YELLOW
Ahmarean Brown,,#N/A,#N/A,#N/A
Jack Plummer,,GREEN,RED,GREEN
Carter Bradley,,YELLOW,RED,RED
Trey Knox,,YELLOW,YELLOW,RED
Kedon Slovis,,GREEN,RED,RED
Kyric McGowan,,#N/A,#N/A,#N/A
David Martin-Robinson,,GREEN,YELLOW,RED
Terique Owens,,#N/A,#N/A,#N/A
John Rhys Plumlee,,YELLOW,RED,RED
Baylor Cupp,,YELLOW,GREEN,RED
Julius Chestnut,,GREEN,YELLOW,RED
Johnny Johnson III,,GREEN,YELLOW,RED
Marcus Rosemy-Jacksaint,,YELLOW,YELLOW,YELLOW
Sincere McCormick,,YELLOW,RED,RED
Tanner Conner,,GREEN,GREEN,YELLOW
Braylon Sanders,,#N/A,#N/A,#N/A
Austin Jones,,#N/A,#N/A,#N/A
Tay Martin,,GREEN,YELLOW,YELLOW
Deven Thompkins,,#N/A,#N/A,#N/A
Rodney Williams,,GREEN,GREEN,YELLOW
Daylen Baldwin,,#N/A,#N/A,#N/A
Maurice Alexander,,#N/A,#N/A,#N/A
Josh,,#N/A,#N/A,#N/A
Justin Shorter,,GREEN,RED,RED
Antoine Green,,#N/A,#N/A,#N/A
Lew Nichols,,#N/A,#N/A,#N/A
Xavier Smith,,YELLOW,GREEN,GREEN
Tanner McKee,,GREEN,GREEN,YELLOW
Clayton Tune,,YELLOW,YELLOW,GREEN
Brayden Willis,,RED,GREEN,YELLOW
Payne Durham,,GREEN,YELLOW,GREEN
Travis Vokolek,,YELLOW,GREEN,GREEN
Robert Burns,,YELLOW,GREEN,YELLOW
Thyrick Pitts,,#N/A,#N/A,#N/A
Cody Schrader,,YELLOW,YELLOW,GREEN
Jason Brownlee,,YELLOW,GREEN,GREEN
Brady Russell,,YELLOW,RED,RED
Nikko Remigio,,YELLOW,YELLOW,RED
Carlos Washington Jr.,,YELLOW,GREEN,YELLOW
Jordan Mims,,YELLOW,YELLOW,RED
Shedrick Jackson,,RED,GREEN,GREEN
John Stephens Jr.,,RED,GREEN,GREEN
Nate Adkins,,GREEN,RED,RED
Adrian Martinez,,YELLOW,YELLOW,GREEN
Jared Wayne,,#N/A,#N/A,#N/A
Elijah Cooks,,RED,YELLOW,RED
Jack Colletto,,RED,YELLOW,YELLOW
Isaiah Winstead,,#N/A,#N/A,#N/A
Griffin Hebert,,#N/A,#N/A,#N/A
Jacob Copeland,,#N/A,#N/A,#N/A
Elijah Dotson,,#N/A,#N/A,#N/A
Rakim Jarrett,,#N/A,#N/A,#N/A
Kazmeir Allen,,#N/A,#N/A,#N/A
Ellis Merriweather,,RED,GREEN,RED
Jordan Murray,,YELLOW,GREEN,GREEN
Joel Wilson,,#N/A,#N/A,#N/A
Casey Washington,,YELLOW,YELLOW,YELLOW
Erick All Jr.,,YELLOW,YELLOW,GREEN
Tanner McLachlan,,YELLOW,YELLOW,GREEN
Jawhar Jordan,,RED,YELLOW,RED
Keilan Robinson,,YELLOW,RED,RED
Isaiah Davis,,GREEN,YELLOW,GREEN
Tip Reiman,,YELLOW,GREEN,GREEN
Damiere Byrd,,#N/A,#N/A,#N/A
Nick Vannett,,GREEN,YELLOW,RED
Nate Sudfeld,,#N/A,#N/A,#N/A
Dwayne Washington,,#N/A,#N/A,#N/A
Jeremy McNichols,,YELLOW,GREEN,YELLOW
Jacob Hollister,,#N/A,#N/A,#N/A
John Kelly Jr.,,RED,GREEN,YELLOW
Anthony Miller,,GREEN,YELLOW,YELLOW
Jordan Thomas,,#N/A,#N/A,#N/A
Deontay Burnett,,#N/A,#N/A,#N/A
Ross Dwelley,,YELLOW,YELLOW,YELLOW
Cam Sims,,#N/A,#N/A,#N/A
Luis Perez,,#N/A,#N/A,#N/A
Alex McGough,,#N/A,#N/A,#N/A
Tim Boyle,,YELLOW,YELLOW,YELLOW
Keith Kirkwood,,GREEN,YELLOW,YELLOW
Jalen Coker,,YELLOW,YELLOW,GREEN
Malik Turner,,GREEN,YELLOW,YELLOW
Mason Tipton,,YELLOW,RED,RED
Kareem Hunt,,YELLOW,RED,RED
Ray-Ray MCcloud,,YELLOW,YELLOW,YELLOW
Calvin Austin,,YELLOW,RED,YELLOW
Parker Hesse,,RED,YELLOW,GREEN
Marcus Simms,,RED,YELLOW,RED
Mitchell Wilcox,,RED,GREEN,GREEN
Jacob Eason,,#N/A,#N/A,#N/A
Tyler Davis,,RED,YELLOW,RED
Cody White,,RED,YELLOW,RED
Tyler Johnson,,YELLOW,GREEN,GREEN
